Código da Instituição,Nome da Instituição,Categoria Administrativa,Organização Acadêmica,Código do Curso de Graduação,Nome do Curso de Graduação,Código da Região Geográfica do Curso,Código da Unidade Federativa do Curso,Código do Município do Curso,Grau Acadêmico,Modalidade de Ensino,Código da área do Curso segundo a classificação CINE BRASIL,Nome da área do Curso segundo a classificação CINE BRASIL,Código da Grande Área do Curso segundo a classificação CINE BRASIL,Nome da Grande Área do Curso segundo a classificação CINE BRASIL,Ano de Ingresso,Ano de Referência,Prazo de Integralização em Anos,Ano de Integralização do Curso,Prazo de Acompanhamento do Curso em anos,Ano Máximo de Acompanhamento do Curso,Quantidade de Ingressantes no Curso,Quantidade de Permanência no Curso no ano de referência,Quantidade de Concluintes no Curso no ano de referência,Quantidade de Desistência no Curso no ano de referência,Quantidade de Falecimentos no Curso no ano de referência,Taxa de Permanência - TAP,Taxa de Conclusão Acumulada - TCA,Taxa de Desistência Acumulada - TDA,Taxa de Conclusão Anual - TCAN,Taxa de Desistência Anual - TADA
1,UNIVERSIDADE FEDERAL DE MATO GROSSO,1,1,117004,PSICOLOGIA,5,51,5103403,1,1,0313P01,Psicologia,03,"Ciências sociais, comunicação e informação",2020,2024,6,2025,10,2029,89,52,26,1,0,"58,4","30,3","11,2","29,2","1,1"
2,UNIVERSIDADE DE BRASÍLIA,1,1,22844,PSICOLOGIA,5,53,5300108,1,1,0313P01,Psicologia,03,"Ciências sociais, comunicação e informação",2020,2024,5,2024,8,2027,32,0,0,0,0,"0,0","59,4","40,6","0,0","0,0"
2,UNIVERSIDADE DE BRASÍLIA,1,1,26033,PSICOLOGIA - PSICÓLOGO,5,53,5300108,1,1,0313P01,Psicologia,03,"Ciências sociais, comunicação e informação",2020,2024,6,2025,10,2029,123,62,21,1,0,"50,4","22,8","26,8","17,1","0,8"
2,UNIVERSIDADE DE BRASÍLIA,1,1,44376,PSICOLOGIA,5,53,5300108,2,1,0114P01,Psicologia formação de professor,01,Educação,2020,2024,5,2024,8,2027,30,0,1,0,0,"0,0","46,7","53,3","3,3","0,0"
3,UNIVERSIDADE FEDERAL DE SERGIPE,1,1,52852,PSICOLOGIA,2,28,2806701,1,1,0313P01,Psicologia,03,"Ciências sociais, comunicação e informação",2020,2024,5,2024,9,2028,46,13,18,1,0,"28,3","39,1","32,6","39,1","2,2"
4,UNIVERSIDADE FEDERAL DO AMAZONAS,1,1,18353,PSICOLOGIA,1,13,1302603,1,1,0313P01,Psicologia,03,"Ciências sociais, comunicação e informação",2020,2024,7,2026,10,2029,66,45,4,6,0,"68,2","7,6","24,2","6,1","9,1"
7,UNIVERSIDADE FEDERAL DE SÃO CARLOS,1,1,109478,PSICOLOGIA,3,35,3548906,1,1,0313P01,Psicologia,03,"Ciências sociais, comunicação e informação",2020,2024,6,2025,10,2029,45,11,24,0,0,"24,4","53,3","22,2","53,3","0,0"
9,UNIVERSIDADE ESTADUAL DE LONDRINA,2,1,773,PSICOLOGIA,4,41,4113700,1,1,0313P01,Psicologia,03,"Ciências sociais, comunicação e informação",2020,2024,6,2025,10,2029,85,64,12,0,0,"75,3","16,5","8,2","14,1","0,0"
12,UNIVERSIDADE FEDERAL DO RIO GRANDE,1,1,99665,PSICOLOGIA,4,43,4315602,1,1,0313P01,Psicologia,03,"Ciências sociais, comunicação e informação",2020,2024,6,2025,10,2029,37,4,19,1,0,"10,8","54,1","35,1","51,4","2,7"
17,UNIVERSIDADE FEDERAL DE UBERLÂNDIA,1,1,68123,PSICOLOGIA,3,31,3170206,1,1,0313P01,Psicologia,03,"Ciências sociais, comunicação e informação",2020,2024,6,2025,10,2029,96,64,16,3,0,"66,7","17,7","15,6","16,7","3,1"
29,UNIVERSIDADE ESTADUAL DO CEARÁ,2,1,107472,PSICOLOGIA,2,23,2304400,1,1,0313P01,Psicologia,03,"Ciências sociais, comunicação e informação",2020,2024,7,2026,10,2029,47,46,0,0,0,"97,9","0,0","2,1","0,0","0,0"
47,UNIVERSIDADE ESTADUAL DE GOIÁS,2,1,1445315,PSICOLOGIA,5,52,5210000,1,1,0313P01,Psicologia,03,"Ciências sociais, comunicação e informação",2020,2024,6,2025,10,2029,48,30,1,0,0,"63,8","2,1","34,0","2,1","0,0"
55,UNIVERSIDADE DE SÃO PAULO,2,1,2878,PSICOLOGIA,3,35,3550308,1,1,0313P01,Psicologia,03,"Ciências sociais, comunicação e informação",2020,2024,5,2024,8,2027,53,0,0,0,0,"0,0","92,5","7,5","0,0","0,0"
55,UNIVERSIDADE DE SÃO PAULO,2,1,26143,PSICOLOGIA,3,35,3550308,2,1,0114P01,Psicologia formação de professor,01,Educação,2020,2024,6,2025,10,2029,35,5,1,8,0,"14,3","14,3","71,4","2,9","22,9"
56,UNIVERSIDADE ESTADUAL PAULISTA JÚLIO DE MESQUITA FILHO,2,1,25155,PSICOLOGIA,3,35,3504008,1,1,0313P01,Psicologia,03,"Ciências sociais, comunicação e informação",2020,2024,6,2025,10,2029,96,8,71,1,0,"8,3","75,0","16,7","74,0","1,0"
56,UNIVERSIDADE ESTADUAL PAULISTA JÚLIO DE MESQUITA FILHO,2,1,1278853,PSICOLOGIA,3,35,3506003,1,1,0313P01,Psicologia,03,"Ciências sociais, comunicação e informação",2020,2024,6,2025,10,2029,70,37,19,0,0,"52,9","27,1","20,0","27,1","0,0"
57,UNIVERSIDADE ESTADUAL DE MARINGÁ,2,1,3401,PSICOLOGIA,4,41,4115200,1,1,0313P01,Psicologia,03,"Ciências sociais, comunicação e informação",2020,2024,6,2025,10,2029,79,11,55,0,0,"13,9","75,9","10,1","69,6","0,0"
76,UNIVERSIDADE REGIONAL DE BLUMENAU,3,1,3685,PSICOLOGIA,4,42,4202404,1,1,0313P01,Psicologia,03,"Ciências sociais, comunicação e informação",2020,2024,6,2025,10,2029,79,25,2,4,0,"31,6","7,6","60,8","2,5","5,1"
78,FACULDADE DE FILOSOFIA CIÊNCIAS E LETRAS DE ALEGRE,3,3,91999,PSICOLOGIA,3,32,3200201,1,1,0313P01,Psicologia,03,"Ciências sociais, comunicação e informação",2020,2024,6,2025,10,2029,30,6,11,1,0,"20,0","36,7","43,3","36,7","3,3"
79,INSTITUTO MUNICIPAL DE ENSINO SUPERIOR DE CATANDUVA,3,3,105276,PSICOLOGIA,3,35,3511102,1,1,0313P01,Psicologia,03,"Ciências sociais, comunicação e informação",2020,2024,6,2025,10,2029,19,1,10,1,0,"5,3","52,6","42,1","52,6","5,3"
107,UNIVERSIDADE FEDERAL DE SÃO JOÃO DEL REI,1,1,4197,PSICOLOGIA,3,31,3162500,1,1,0313P01,Psicologia,03,"Ciências sociais, comunicação e informação",2020,2024,6,2025,10,2029,66,52,3,0,0,"78,8","4,5","16,7","4,5","0,0"
149,FACULDADE DE MEDICINA DE SÃO JOSÉ DO RIO PRETO,2,3,1396245,PSICOLOGIA,3,35,3549805,1,1,0313P01,Psicologia,03,"Ciências sociais, comunicação e informação",2020,2024,6,2025,10,2029,19,0,17,0,0,"0,0","89,5","10,5","89,5","0,0"
409,UNIVERSIDADE DE PERNAMBUCO,2,1,96347,PSICOLOGIA,2,26,2606002,1,1,0313P01,Psicologia,03,"Ciências sociais, comunicação e informação",2020,2024,6,2025,10,2029,40,8,25,0,0,"20,0","62,5","17,5","62,5","0,0"
547,UNIVERSIDADE DO ESTADO DO RIO DE JANEIRO,2,1,11294,PSICOLOGIA,3,33,3304557,1,1,0313P01,Psicologia,03,"Ciências sociais, comunicação e informação",2020,2024,6,2025,10,2029,86,76,4,2,0,"88,4","4,7","7,0","4,7","2,3"
548,UNIVERSIDADE FEDERAL DO MARANHÃO,1,1,11458,PSICOLOGIA,2,21,2111300,1,1,0313P01,Psicologia,03,"Ciências sociais, comunicação e informação",2020,2024,6,2025,10,2029,64,57,0,2,0,"89,1","0,0","10,9","0,0","3,1"
549,UNIVERSIDADE FEDERAL DO ACRE,1,1,5001343,PSICOLOGIA,1,12,1200401,1,1,0313P01,Psicologia,03,"Ciências sociais, comunicação e informação",2020,2024,6,2025,10,2029,60,45,0,3,0,"75,0","0,0","25,0","0,0","5,0"
550,UNIVERSIDADE ESTADUAL DA PARAÍBA,2,1,11596,PSICOLOGIA,2,25,2504009,1,1,0313P01,Psicologia,03,"Ciências sociais, comunicação e informação",2020,2024,5,2024,8,2027,86,35,24,1,0,"40,7","27,9","31,4","27,9","1,2"
569,UNIVERSIDADE FEDERAL DO PARÁ,1,1,31850,PSICOLOGIA,1,15,1501402,1,1,0313P01,Psicologia,03,"Ciências sociais, comunicação e informação",2020,2024,6,2025,10,2029,74,51,20,1,0,"68,9","27,0","4,1","27,0","1,4"
570,UNIVERSIDADE FEDERAL DO RIO GRANDE DO NORTE,1,1,12316,PSICOLOGIA,2,24,2408102,1,1,0313P01,Psicologia,03,"Ciências sociais, comunicação e informação",2020,2024,6,2025,10,2029,48,7,26,2,0,"14,6","56,3","29,2","54,2","4,2"
570,UNIVERSIDADE FEDERAL DO RIO GRANDE DO NORTE,1,1,1279922,PSICOLOGIA,2,24,2411205,1,1,0313P01,Psicologia,03,"Ciências sociais, comunicação e informação",2020,2024,6,2025,10,2029,48,7,31,0,0,"14,6","64,6","20,8","64,6","0,0"
571,UNIVERSIDADE FEDERAL DO PARANÁ,1,1,47740,PSICOLOGIA,4,41,4106902,1,1,0313P01,Psicologia,03,"Ciências sociais, comunicação e informação",2020,2024,6,2025,10,2029,89,70,2,1,0,"78,7","2,2","19,1","2,2","1,1"
572,UNIVERSIDADE FEDERAL FLUMINENSE,1,1,312703,PSICOLOGIA,3,33,3303302,1,1,0313P01,Psicologia,03,"Ciências sociais, comunicação e informação",2020,2024,6,2025,10,2029,99,74,8,0,0,"74,7","12,1","13,1","8,1","0,0"
572,UNIVERSIDADE FEDERAL FLUMINENSE,1,1,382876,PSICOLOGIA,3,33,3304524,1,1,0313P01,Psicologia,03,"Ciências sociais, comunicação e informação",2020,2024,6,2025,10,2029,46,31,5,0,0,"67,4","15,2","17,4","10,9","0,0"
572,UNIVERSIDADE FEDERAL FLUMINENSE,1,1,1100005,PSICOLOGIA,3,33,3301009,1,1,0313P01,Psicologia,03,"Ciências sociais, comunicação e informação",2020,2024,6,2025,10,2029,110,63,26,2,0,"57,3","23,6","19,1","23,6","1,8"
572,UNIVERSIDADE FEDERAL FLUMINENSE,1,1,5000478,PSICOLOGIA,3,33,3306305,1,1,0313P01,Psicologia,03,"Ciências sociais, comunicação e informação",2020,2024,6,2025,10,2029,54,24,14,0,0,"44,4","38,9","16,7","25,9","0,0"
573,UNIVERSIDADE FEDERAL DO ESPÍRITO SANTO,1,1,12829,PSICOLOGIA,3,32,3205309,1,1,0313P01,Psicologia,03,"Ciências sociais, comunicação e informação",2020,2024,6,2025,10,2029,64,52,3,1,0,"81,3","4,7","14,1","4,7","1,6"
574,UNIVERSIDADE FEDERAL RURAL DO RIO DE JANEIRO,1,1,1107692,PSICOLOGIA,3,33,3305554,1,1,0313P01,Psicologia,03,"Ciências sociais, comunicação e informação",2020,2024,6,2025,10,2029,51,35,0,2,0,"68,6","0,0","31,4","0,0","3,9"
575,UNIVERSIDADE FEDERAL DE MINAS GERAIS,1,1,12974,PSICOLOGIA,3,31,3106200,1,1,0313P01,Psicologia,03,"Ciências sociais, comunicação e informação",2020,2024,6,2025,10,2029,139,78,41,4,0,"56,1","31,7","12,2","29,5","2,9"
576,UNIVERSIDADE FEDERAL DE JUIZ DE FORA,1,1,13113,PSICOLOGIA,3,31,3136702,1,1,0313P01,Psicologia,03,"Ciências sociais, comunicação e informação",2020,2024,6,2025,10,2029,48,18,22,0,0,"37,5","45,8","16,7","45,8","0,0"
577,UNIVERSIDADE FEDERAL DE ALAGOAS,1,1,13222,PSICOLOGIA,2,27,2704302,1,1,0313P01,Psicologia,03,"Ciências sociais, comunicação e informação",2020,2024,6,2025,10,2029,86,47,6,9,0,"54,7","7,0","38,4","7,0","10,5"
577,UNIVERSIDADE FEDERAL DE ALAGOAS,1,1,102162,PSICOLOGIA,2,27,2706307,1,1,0313P01,Psicologia,03,"Ciências sociais, comunicação e informação",2020,2024,6,2025,10,2029,55,38,4,4,0,"69,1","7,3","23,6","7,3","7,3"
578,UNIVERSIDADE FEDERAL DA BAHIA,1,1,13299,PSICOLOGIA,2,29,2927408,1,1,0313P01,Psicologia,03,"Ciências sociais, comunicação e informação",2020,2024,6,2025,10,2029,93,53,4,2,0,"57,0","16,1","26,9","4,3","2,2"
578,UNIVERSIDADE FEDERAL DA BAHIA,1,1,1110906,PSICOLOGIA,2,29,2933307,1,1,0313P01,Psicologia,03,"Ciências sociais, comunicação e informação",2020,2024,6,2025,10,2029,36,23,2,1,0,"63,9","8,3","27,8","5,6","2,8"
579,UNIVERSIDADE FEDERAL DA PARAÍBA,1,1,13413,PSICOLOGIA,2,25,2507507,1,1,0313P01,Psicologia,03,"Ciências sociais, comunicação e informação",2020,2024,6,2025,10,2029,116,75,3,3,0,"64,7","4,3","31,0","2,6","2,6"
580,UNIVERSIDADE FEDERAL DE PERNAMBUCO,1,1,13608,PSICOLOGIA,2,26,2611606,1,1,0313P01,Psicologia,03,"Ciências sociais, comunicação e informação",2020,2024,5,2024,8,2027,82,52,13,4,0,"63,4","17,1","19,5","15,9","4,9"
581,UNIVERSIDADE FEDERAL DO RIO GRANDE DO SUL,1,1,45077,PSICOLOGIA,4,43,4314902,1,1,0313P01,Psicologia,03,"Ciências sociais, comunicação e informação",2020,2024,6,2025,10,2029,96,50,29,1,0,"52,1","35,4","12,5","30,2","1,0"
582,UNIVERSIDADE FEDERAL DE SANTA MARIA,1,1,18391,PSICOLOGIA,4,43,4316907,1,1,0313P01,Psicologia,03,"Ciências sociais, comunicação e informação",2020,2024,6,2025,10,2029,36,8,23,0,0,"22,2","63,9","13,9","63,9","0,0"
583,UNIVERSIDADE FEDERAL DO CEARÁ,1,1,13986,PSICOLOGIA,2,23,2304400,1,1,0313P01,Psicologia,03,"Ciências sociais, comunicação e informação",2020,2024,6,2025,10,2029,91,45,20,3,0,"49,5","25,3","25,3","22,0","3,3"
583,UNIVERSIDADE FEDERAL DO CEARÁ,1,1,99310,PSICOLOGIA,2,23,2312908,1,1,0313P01,Psicologia,03,"Ciências sociais, comunicação e informação",2020,2024,6,2025,10,2029,60,22,18,0,0,"36,7","35,0","28,3","30,0","0,0"
584,UNIVERSIDADE FEDERAL DE GOIÁS,1,1,90042,PSICOLOGIA,5,52,5208707,1,1,0313P01,Psicologia,03,"Ciências sociais, comunicação e informação",2020,2024,5,2024,8,2027,34,8,26,0,0,"23,5","76,5","0,0","76,5","0,0"
585,UNIVERSIDADE FEDERAL DE SANTA CATARINA,1,1,14238,PSICOLOGIA,4,42,4205407,2,1,0114P01,Psicologia formação de professor,01,Educação,2020,2024,6,2025,10,2029,42,2,0,0,0,"4,8","0,0","95,2","0,0","0,0"
585,UNIVERSIDADE FEDERAL DE SANTA CATARINA,1,1,314238,PSICOLOGIA,4,42,4205407,1,1,0313P01,Psicologia,03,"Ciências sociais, comunicação e informação",2020,2024,6,2025,10,2029,99,68,10,2,0,"68,7","14,1","17,2","10,1","2,0"
586,UNIVERSIDADE FEDERAL DO RIO DE JANEIRO,1,1,14356,PSICOLOGIA,3,33,3304557,1,1,0313P01,Psicologia,03,"Ciências sociais, comunicação e informação",2020,2024,5,2024,8,2027,228,101,42,10,0,"44,3","33,3","22,4","18,4","4,4"
591,UNIVERSIDADE FEDERAL DE SÃO PAULO,1,1,94095,PSICOLOGIA,3,35,3548500,1,1,0313P01,Psicologia,03,"Ciências sociais, comunicação e informação",2020,2024,6,2025,10,2029,54,13,38,1,0,"24,1","72,2","3,7","70,4","1,9"
597,UNIVERSIDADE FEDERAL DO TRIÂNGULO MINEIRO,1,1,112688,PSICOLOGIA,3,31,3170107,1,1,0313P01,Psicologia,03,"Ciências sociais, comunicação e informação",2020,2024,6,2025,10,2029,65,37,15,1,0,"56,9","23,1","20,0","23,1","1,5"
634,UNIVERSIDADE FEDERAL DE PELOTAS,1,1,1102064,PSICOLOGIA,4,43,4314407,1,1,0313P01,Psicologia,03,"Ciências sociais, comunicação e informação",2020,2024,6,2025,10,2029,14,12,0,0,0,"85,7","0,0","14,3","0,0","0,0"
666,UNIVERSIDADE ESTADUAL DE FEIRA DE SANTANA,2,1,1183082,PSICOLOGIA,2,29,2910800,1,1,0313P01,Psicologia,03,"Ciências sociais, comunicação e informação",2020,2024,6,2025,10,2029,32,17,0,4,0,"53,1","0,0","46,9","0,0","12,5"
688,UNIVERSIDADE ESTADUAL DO SUDOESTE DA BAHIA,2,1,1188088,PSICOLOGIA,2,29,2933307,1,1,0313P01,Psicologia,03,"Ciências sociais, comunicação e informação",2020,2024,6,2025,10,2029,49,34,1,3,0,"69,4","2,0","28,6","2,0","6,1"
694,UNIVERSIDADE FEDERAL DE MATO GROSSO DO SUL,1,1,15852,PSICOLOGIA,5,50,5003207,1,1,0313P01,Psicologia,03,"Ciências sociais, comunicação e informação",2020,2024,6,2025,10,2029,39,13,7,3,0,"33,3","17,9","48,7","17,9","7,7"
694,UNIVERSIDADE FEDERAL DE MATO GROSSO DO SUL,1,1,52125,PSICOLOGIA,5,50,5002704,1,1,0313P01,Psicologia,03,"Ciências sociais, comunicação e informação",2020,2024,6,2025,10,2029,51,5,34,1,0,"9,8","66,7","23,5","66,7","2,0"
694,UNIVERSIDADE FEDERAL DE MATO GROSSO DO SUL,1,1,52141,PSICOLOGIA,5,50,5006309,1,1,0313P01,Psicologia,03,"Ciências sociais, comunicação e informação",2020,2024,6,2025,10,2029,39,7,15,5,0,"17,9","38,5","43,6","38,5","12,8"
699,FUNDAÇÃO UNIVERSIDADE FEDERAL DE RONDÔNIA,1,1,24087,PSICOLOGIA,1,11,1100205,1,1,0313P01,Psicologia,03,"Ciências sociais, comunicação e informação",2020,2024,6,2025,10,2029,46,8,20,1,0,"17,4","43,5","39,1","43,5","2,2"
717,FUNDAÇÃO UNIVERSIDADE FEDERAL DE CIÊNCIAS DA SAÚDE DE PORTO ALEGRE,1,1,107856,PSICOLOGIA,4,43,4314902,1,1,0313P01,Psicologia,03,"Ciências sociais, comunicação e informação",2020,2024,6,2025,10,2029,45,29,7,0,0,"64,4","15,6","20,0","15,6","0,0"
745,INSTITUTO MUNICIPAL DE ENSINO SUPERIOR DE SÃO MANUEL,3,3,121578,PSICOLOGIA,3,35,3550100,1,1,0313P01,Psicologia,03,"Ciências sociais, comunicação e informação",2020,2024,5,2024,8,2027,10,0,0,6,0,"0,0","10,0","90,0","0,0","60,0"
756,UNIVERSIDADE ESTADUAL DO PIAUÍ,2,1,19082,PSICOLOGIA,2,22,2211001,1,1,0313P01,Psicologia,03,"Ciências sociais, comunicação e informação",2020,2024,6,2025,10,2029,46,37,0,0,0,"80,4","2,2","17,4","0,0","0,0"
789,UNIVERSIDADE FEDERAL DE RORAIMA,1,1,101121,PSICOLOGIA,1,14,1400100,1,1,0313P01,Psicologia,03,"Ciências sociais, comunicação e informação",2020,2024,6,2025,10,2029,43,33,7,0,0,"76,7","16,3","7,0","16,3","0,0"
845,FACULDADE DA FUNDAÇÃO EDUCACIONAL ARAÇATUBA,3,3,109874,PSICOLOGIA,3,35,3502804,1,1,0313P01,Psicologia,03,"Ciências sociais, comunicação e informação",2020,2024,6,2025,10,2029,60,6,35,1,0,"10,0","63,3","26,7","58,3","1,7"
1036,UNIVERSIDADE DO ESTADO DE MINAS GERAIS,2,1,2174,PSICOLOGIA,3,31,3122306,1,1,0313P01,Psicologia,03,"Ciências sociais, comunicação e informação",2020,2024,6,2025,10,2029,86,18,47,7,0,"20,9","57,0","22,1","54,7","8,1"
1036,UNIVERSIDADE DO ESTADO DE MINAS GERAIS,2,1,20855,PSICOLOGIA,3,31,3134202,1,1,0313P01,Psicologia,03,"Ciências sociais, comunicação e informação",2020,2024,6,2025,10,2029,44,5,18,4,0,"11,4","40,9","47,7","40,9","9,1"
1126,UNIVERSIDADE ESTADUAL DO CENTRO OESTE,2,1,64103,PSICOLOGIA,4,41,4110706,1,1,0313P01,Psicologia,03,"Ciências sociais, comunicação e informação",2020,2024,6,2025,10,2029,35,6,20,2,0,"17,1","60,0","22,9","57,1","5,7"
1876,FACULDADE MUNICIPAL PROFESSOR FRANCO MONTORO DE MOGI GUAÇU,3,3,122532,PSICOLOGIA,3,35,3530706,1,1,0313P01,Psicologia,03,"Ciências sociais, comunicação e informação",2020,2024,6,2025,10,2029,11,4,0,1,0,"36,4","0,0","63,6","0,0","9,1"
2564,UNIVERSIDADE FEDERAL DE CAMPINA GRANDE,1,1,1108087,PSICOLOGIA,2,25,2504009,1,1,0313P01,Psicologia,03,"Ciências sociais, comunicação e informação",2020,2024,6,2025,10,2029,99,39,24,0,0,"39,4","24,2","36,4","24,2","0,0"
3849,FUNDAÇÃO UNIVERSIDADE FEDERAL DO TOCANTINS,1,1,1300503,PSICOLOGIA,1,17,1713205,1,1,0313P01,Psicologia,03,"Ciências sociais, comunicação e informação",2020,2024,5,2024,8,2027,41,5,22,1,0,"12,2","53,7","34,1","53,7","2,4"
3974,UNIVERSIDADE DE RIO VERDE,3,1,58274,PSICOLOGIA,5,52,5218805,1,1,0313P01,Psicologia,03,"Ciências sociais, comunicação e informação",2020,2024,6,2025,10,2029,57,22,17,1,0,"38,6","36,8","24,6","29,8","1,8"
3984,FUNDAÇÃO UNIVERSIDADE FEDERAL DO VALE DO SÃO FRANCISCO,1,1,85588,PSICOLOGIA,2,26,2611101,1,1,0313P01,Psicologia,03,"Ciências sociais, comunicação e informação",2020,2024,6,2025,10,2029,81,63,1,3,0,"77,8","1,2","21,0","1,2","3,7"
4503,UNIVERSIDADE FEDERAL DO RECÔNCAVO DA BAHIA,1,1,100433,PSICOLOGIA,2,29,2928703,1,1,0313P01,Psicologia,03,"Ciências sociais, comunicação e informação",2020,2024,6,2025,10,2029,37,9,4,0,0,"24,3","73,0","2,7","10,8","0,0"
4504,FUNDAÇÃO UNIVERSIDADE FEDERAL DA GRANDE DOURADOS,1,1,121403,PSICOLOGIA,5,50,5003702,1,1,0313P01,Psicologia,03,"Ciências sociais, comunicação e informação",2020,2024,6,2025,10,2029,65,42,1,0,0,"64,6","3,1","32,3","1,5","0,0"
18440,UNIVERSIDADE FEDERAL DO SUL E SUDESTE DO PARÁ,1,1,1288270,PSICOLOGIA,1,15,1504208,1,1,0313P01,Psicologia,03,"Ciências sociais, comunicação e informação",2020,2024,6,2025,10,2029,34,10,21,0,0,"29,4","61,8","8,8","61,8","0,0"
18812,UNIVERSIDADE FEDERAL DO SUL DA BAHIA,1,1,1441848,PSICOLOGIA,2,29,2931350,1,1,0313P01,Psicologia,03,"Ciências sociais, comunicação e informação",2020,2024,6,2025,10,2029,7,2,1,0,0,"28,6","42,9","28,6","14,3","0,0"
25274,UNIVERSIDADE FEDERAL DE CATALÃO,1,1,121395,PSICOLOGIA,5,52,5205109,1,1,0313P01,Psicologia,03,"Ciências sociais, comunicação e informação",2020,2024,6,2025,10,2029,6,0,3,0,0,"0,0","50,0","50,0","50,0","0,0"
25274,UNIVERSIDADE FEDERAL DE CATALÃO,1,1,1084303,PSICOLOGIA,5,52,5205109,2,1,0114P01,Psicologia formação de professor,01,Educação,2020,2024,6,2025,10,2029,38,6,23,0,0,"15,8","60,5","23,7","60,5","0,0"
25277,UNIVERSIDADE FEDERAL DO DELTA DO PARNAIBA,1,1,102530,PSICOLOGIA,2,22,2207702,1,1,0313P01,Psicologia,03,"Ciências sociais, comunicação e informação",2020,2024,6,2025,10,2029,81,62,0,2,0,"76,5","0,0","23,5","0,0","2,5"
25282,UNIVERSIDADE FEDERAL DE JATAÍ,1,1,107894,PSICOLOGIA,5,52,5211909,1,1,0313P01,Psicologia,03,"Ciências sociais, comunicação e informação",2020,2024,6,2025,10,2029,36,5,17,1,0,"13,9","47,2","38,9","47,2","2,8"
25352,Universidade Federal de Rondonópolis,1,1,84854,PSICOLOGIA,5,51,5107602,1,1,0313P01,Psicologia,03,"Ciências sociais, comunicação e informação",2020,2024,6,2025,10,2029,29,10,14,1,0,"34,5","48,3","17,2","48,3","3,4"
